brand,operating_system,RAM_nth,storage_nth,storage_type,cpu_benchmark,gpu_class,screen_size,PPI,warranty,refurbished,price
LENOVO,WINDOWS,2,6.906890596,SSD,2501,4,15.6,141,0,YES,235.99
ASUS,WINDOWS,2,7,SSD,3048,3,15.6,141,1,YES,236.99
LENOVO,WINDOWS,2,7,SSD,3685,3,15.6,94,0,YES,259.99
HP,WINDOWS,2,7,SSD,2689,4,15.6,94,0,YES,223.49
DELL,WINDOWS,3,7,SSD,3256,3,14,157,0,YES,374.49
ASUS,WINDOWS,4,10.96578428,SSD,23322,1,16,142,0,YES,2396.49
LENOVO,WINDOWS,3,7.491853096,SSD,3035,4,14,105,0,YES,151.99
LENOVO,WINDOWS,4,7.491853096,SSD,6908,3,14,157,0,YES,428.49
LENOVO,WINDOWS,4,7.491853096,SSD,2743,4,14,118,0,YES,296.99
ASUS,WINDOWS,4,9.965784285,SSD,23697,2,14,162,1,YES,1410.49
ASUS,WINDOWS,4,9.965784285,SSD,24382,1,14,216,1,YES,1673.49
ACER,WINDOWS,3,9.965784285,SSD,11176,2,15.6,141,1,YES,1137.49
LENOVO,WINDOWS,4,9.965784285,SSD,12285,2,15.6,141,0,YES,1204.99
LENOVO,WINDOWS,4,9.965784285,SSD,15381,2,15.6,141,1,YES,1311.49
LENOVO,WINDOWS,5,9.965784285,SSD,16079,2,15.6,141,1,YES,1745.99
MSI,WINDOWS,4,9.965784285,SSD,19865,2,15.6,141,2,YES,1017.99
ASUS,WINDOWS,4,9.965784285,SSD,21223,2,16,142,1,YES,1209.49
ASUS,WINDOWS,4,9.965784285,SSD,21366,1,15.6,141,1,YES,1399.49
ASUS,WINDOWS,4,9.965784285,SSD,21366,1,17.3,127,1,YES,1521.49
ASUS,WINDOWS,4,9.965784285,SSD,21366,1,15.6,141,1,YES,1472.49
ASUS,WINDOWS,4,9.965784285,SSD,22153,1,15.6,188,1,YES,1832.99
MEDION,WINDOWS,5,9.965784285,SSD,21366,1,17.3,170,2,YES,1616.49
RAZER,WINDOWS,4,9.965784285,SSD,23079,1,14,210,1,YES,1971.99
MSI,WINDOWS,4,9.965784285,SSD,29151,1,17.3,127,2,YES,2107.49
LENOVO,WINDOWS,3,7.906890596,SSD,2512,4,14,112,0,YES,175.99
LENOVO,WINDOWS,3,7.906890596,SSD,3256,3,14,157,0,YES,285.49
LENOVO,WINDOWS,4,7.906890596,SSD,3256,3,14,157,0,YES,313.49
HP,WINDOWS,3,7.906890596,SSD,2501,4,14,112,0,YES,254.49
HP,WINDOWS,3,7.906890596,SSD,3256,4,12.5,176,0,YES,303.49
HP,WINDOWS,3,7.906890596,SSD,3256,4,12.5,117,0,YES,287.49
LENOVO,WINDOWS,3,7.906890596,SSD,3717,3,14,157,0,YES,300.49
ASUS,WINDOWS,3,8,SSD,3968,3,15.6,141,1,YES,368.49
OTHER,WINDOWS,3,8,SSD,7088,3,14,157,0,YES,429.99
LENOVO,WINDOWS,3,8,SSD,5925,3,15.6,141,0,YES,429.99
MSI,WINDOWS,3,8,SSD,7763,2,17.3,127,2,YES,899.99
ASUS,WINDOWS,3,8,SSD,7763,2,15.6,141,1,YES,494.99
LENOVO,WINDOWS,3,8,SSD,7763,2,17.3,127,1,YES,799.99
LENOVO,WINDOWS,4,8,SSD,11176,2,15.6,141,0,YES,1354.99
ASUS,WINDOWS,3,8,SSD,7088,3,15.6,141,1,YES,356.49
LENOVO,WINDOWS,3,8,SSD,7088,3,15.6,141,1,YES,347.99
HP,WINDOWS,3,8,SSD,3011,3,14,157,0,YES,459.49
LENOVO,WINDOWS,3,8,SSD,3256,3,12.5,117,0,YES,218.49
HP,WINDOWS,3,8,SSD,3011,3,14,157,0,YES,299.49
DELL,WINDOWS,3,8,SSD,2743,4,12.5,117,0,YES,206.99
HP,WINDOWS,3,8,SSD,2501,4,14,105,0,YES,395.99
LENOVO,WINDOWS,3,8,SSD,2743,4,12.5,117,0,YES,217.49
LENOVO,WINDOWS,3,8,SSD,3393,3,14,157,0,YES,577.49
HP,WINDOWS,3,8,SSD,3393,3,14,157,0,YES,486.99
HP,WINDOWS,3,8,SSD,3256,3,12.5,176,0,YES,253.99
LENOVO,WINDOWS,3,8,SSD,6783,3,14,157,3,YES,758.99
ASUS,WINDOWS,4,10.96578428,SSD,21223,2,16,189,1,YES,1458.49
ASUS,WINDOWS,5,10.96578428,SSD,21491,1,15.6,141,1,YES,2523.99
ASUS,WINDOWS,5,10.96578428,SSD,23079,1,17.3,127,1,YES,2449.49
ASUS,WINDOWS,5,9.965784285,SSD,23079,1,15.6,188,1,YES,2311.49
HP,CHROMEOS,2,5,EMMC,1115,4,14,157,1,YES,95.99
OTHER,WINDOWS,3,8.906890596,SSD,2102,4,15.6,94,0,YES,199.99
LENOVO,WINDOWS,4,9,SSD,12285,2,17.3,127,1,YES,918.49
ASUS,WINDOWS,3,9,SSD,7966,2,15.6,141,1,YES,472.99
MSI,WINDOWS,3,9,SSD,21223,2,15.6,141,1,YES,623.49
MEDION,WINDOWS,4,9,SSD,21366,2,17.3,127,2,YES,825.49
LENOVO,WINDOWS,5,9,SSD,21366,2,15.6,282,1,YES,1310.99
LENOVO,WINDOWS,4,9,SSD,21366,2,15.6,188,1,YES,1147.49
OTHER,WINDOWS,4,9,SSD,21223,2,17.3,127,2,YES,1137.49
LENOVO,WINDOWS,4,9,SSD,10505,3,15.6,141,1,YES,799.99
LENOVO,WINDOWS,4,9,SSD,10076,2,15.6,141,3,YES,990.49
GEO,WINDOWS,2,7,SSD,2152,4,13.3,166,1,NO,329.99
GEO,WINDOWS,2,7,SSD,2152,4,13.3,166,1,NO,339.99
ACER,CHROMEOS,3,7,SSD,3343,4,13.3,166,1,NO,525.49
APPLE,MACOS,4,9.965784285,SSD,15180,3,13.6,224,1,NO,1789
APPLE,MACOS,4,9,SSD,15180,3,13.6,224,1,NO,1589
APPLE,MACOS,4,9,SSD,14543,2,14,254,1,NO,1751.49
HP,WINDOWS,4,9,SSD,21223,2,17.3,125,0,NO,2511.99
ASUS,WINDOWS,4,9.965784285,SSD,23079,1,15.6,141,1,NO,1499.97
ASUS,WINDOWS,4,9.965784285,SSD,23079,1,15.6,188,1,NO,1899.99
ASUS,WINDOWS,4,9.965784285,SSD,23697,1,14,162,1,NO,1799.97
RAZER,WINDOWS,4,9.965784285,SSD,23392,2,17.3,170,1,NO,2699.99
ASUS,WINDOWS,4,9.965784285,SSD,11966,2,16,275,0,NO,1329.99
ASUS,WINDOWS,4,9.965784285,SSD,23079,2,15.6,141,1,NO,1101.1
ASUS,WINDOWS,5,9.965784285,SSD,23079,2,16,275,0,NO,1539.99
ASUS,WINDOWS,4,9.965784285,SSD,29151,2,13.4,169,1,NO,2023.18
ASUS,WINDOWS,4,9.965784285,SSD,29151,2,13.4,338,1,NO,3003.4
ASUS,WINDOWS,4,9.965784285,SSD,22153,2,14,210,1,NO,1689.99
ASUS,WINDOWS,5,9.965784285,SSD,21491,2,13.4,164,1,NO,2679.46
MEDION,WINDOWS,4,9.965784285,SSD,21366,2,15.6,141,2,NO,939.99
ACER,WINDOWS,4,9.965784285,SSD,11966,2,14,157,0,NO,1369.52
ASUS,WINDOWS,4,9.965784285,SSD,23079,2,15.6,141,1,NO,1340.72
MSI,WINDOWS,4,9.965784285,SSD,27127,2,15.6,188,1,NO,1229.99
ASUS,WINDOWS,4,9.965784285,SSD,23322,2,15.6,188,1,NO,1189.99
RAZER,WINDOWS,4,9.965784285,SSD,21223,2,17.3,127,1,NO,2589.99
MEDION,WINDOWS,4,9.965784285,SSD,21366,2,15.6,141,2,NO,939.99
ASUS,WINDOWS,4,9.965784285,SSD,23079,2,15.6,188,1,NO,1589.99
CHILLBLAST,WINDOWS,4,9.965784285,SSD,27127,2,16,142,3,NO,1649.99
MSI,WINDOWS,4,9.965784285,SSD,27127,2,17.3,127,1,NO,1559.99
CHILLBLAST,WINDOWS,5,9.965784285,SSD,27127,2,16,138,3,NO,1749.99
RAZER,WINDOWS,4,9.965784285,SSD,21223,2,17.3,170,1,NO,2249.99
ACER,WINDOWS,4,9.965784285,SSD,27127,2,15.6,141,1,NO,1399.97
OTHER,WINDOWS,4,9.965784285,SSD,27127,2,15.6,141,2,NO,1654.42
MSI,WINDOWS,4,9.965784285,SSD,27127,2,15.6,141,2,NO,1579.99
MSI,WINDOWS,4,9.965784285,SSD,27127,2,17.3,127,2,NO,1759.99
HP,WINDOWS,4,9.965784285,SSD,21223,2,16.1,182,0,NO,1399.99
RAZER,WINDOWS,4,9.965784285,SSD,23392,2,15.6,188,1,NO,2746.96
RAZER,WINDOWS,4,9.965784285,SSD,21223,1,15.6,141,1,NO,2689.99
MSI,WINDOWS,4,9.965784285,SSD,29151,1,17.3,127,1,NO,1829.99
ASUS,WINDOWS,5,9.965784285,SSD,23079,1,15.6,141,1,NO,2449.99
ACER,WINDOWS,4,9.965784285,SSD,27127,1,15.6,188,1,NO,1599.97
OTHER,WINDOWS,4,9.965784285,SSD,27127,1,15.6,141,2,NO,1664.21
ASUS,WINDOWS,5,9.965784285,SSD,23319,1,15.6,141,1,NO,2259.99
MSI,WINDOWS,4,9.965784285,SSD,27127,1,15.6,188,1,NO,1579.99
OTHER,WINDOWS,5,9.965784285,SSD,21223,1,17.3,255,2,NO,2939.99
RAZER,WINDOWS,4,9.965784285,SSD,21223,1,17.3,127,1,NO,2559.99
LENOVO,WINDOWS,5,9.965784285,SSD,23322,1,15.6,188,1,NO,1699.97
CHILLBLAST,WINDOWS,4,9.965784285,SSD,27127,1,16,142,3,NO,1949.99
MEDION,WINDOWS,4,9.965784285,SSD,27127,1,17.3,170,2,NO,1769.99
MSI,WINDOWS,5,9.965784285,SSD,27127,1,17.3,170,2,NO,2559.99
ASUS,WINDOWS,4,9.965784285,SSD,24382,1,15.6,188,1,NO,1959.99
RAZER,WINDOWS,4,9.965784285,SSD,24636,1,14,210,1,NO,2649.99
RAZER,WINDOWS,4,9.965784285,SSD,23392,1,17.3,170,1,NO,3499.81
ACER,WINDOWS,4,9.965784285,SSD,27127,1,15.6,141,1,NO,1799.97
RAZER,WINDOWS,4,9.965784285,SSD,23392,1,15.6,188,1,NO,3286.19
CHILLBLAST,WINDOWS,5,9.965784285,SSD,27127,1,16,138,3,NO,2099.99
ACER,WINDOWS,4,9.965784285,SSD,27127,1,15.6,188,1,NO,1999.99
CHILLBLAST,WINDOWS,4,9.965784285,SSD,27127,1,16,184,3,NO,1799.99
MSI,WINDOWS,5,9.965784285,SSD,27127,1,15.6,188,2,NO,2299.97
MSI,WINDOWS,4,9.965784285,SSD,27127,1,15.6,188,2,NO,1899.97
RAZER,WINDOWS,4,9.965784285,SSD,23392,1,17.3,127,1,NO,2699.97
OTHER,WINDOWS,4,9.965784285,SSD,27127,1,15.6,188,2,NO,2223.98
RAZER,WINDOWS,4,9.965784285,SSD,21223,1,15.6,141,1,NO,3286.19
CHILLBLAST,WINDOWS,4,9.965784285,SSD,27127,1,16,142,3,NO,2349.99
RAZER,WINDOWS,5,9.965784285,SSD,21223,1,17.3,127,1,NO,3259.99
MSI,WINDOWS,4,9.965784285,SSD,27127,1,15.6,188,2,NO,2459.99
MSI,WINDOWS,4,9.965784285,SSD,27127,1,17.3,127,2,NO,2199.99
ASUS,WINDOWS,4,9.965784285,SSD,23697,1,15.6,188,1,NO,2329.99
OTHER,WINDOWS,4,9.965784285,SSD,21223,1,15.6,282,2,NO,3269.99
ACER,WINDOWS,4,9.965784285,SSD,27127,1,15.6,188,1,NO,1999.97
RAZER,WINDOWS,5,9.965784285,SSD,23392,1,17.3,127,1,NO,3499.97
RAZER,WINDOWS,5,9.965784285,SSD,23392,1,15.6,141,1,NO,4130.6
RAZER,WINDOWS,4,9.965784285,SSD,24636,1,14,210,1,NO,3815.21
MEDION,WINDOWS,5,9.965784285,SSD,27127,1,17.3,170,2,NO,2449.99
RAZER,WINDOWS,5,9.965784285,SSD,23392,1,15.6,188,1,NO,3499.97
OTHER,WINDOWS,4,9.965784285,SSD,27127,1,17.3,127,2,NO,3113.05
LENOVO,WINDOWS,5,9.965784285,SSD,23392,2,16,283,3,NO,2437.49
APPLE,MACOS,4,9.965784285,SSD,41175,2,14,254,1,NO,2210.49
APPLE,MACOS,4,9.965784285,SSD,41175,2,16,254,1,NO,2393.99
APPLE,MACOS,4,9.965784285,SSD,41175,2,16,254,1,NO,2393.99
APPLE,MACOS,4,9.965784285,SSD,41175,2,14,254,1,NO,2249
APPLE,MACOS,5,9.965784285,SSD,22333,1,16,254,1,NO,3036.49
APPLE,MACOS,5,9.965784285,SSD,22333,1,16,254,1,NO,3036.49
APPLE,MACOS,3,9.965784285,SSD,14543,3,13,224,1,NO,1389
APPLE,MACOS,4,9.965784285,SSD,14543,3,13,224,1,NO,1589
LENOVO,WINDOWS,5,9.965784285,SSD,23079,2,16,189,1,NO,1736.49
HP,WINDOWS,5,9.965784285,SSD,21223,1,15.6,141,3,NO,2620.99
LENOVO,WINDOWS,5,9.965784285,SSD,21223,1,15.6,282,3,NO,2887.99
LENOVO,WINDOWS,5,9.965784285,SSD,21142,1,16,189,3,NO,2142.99
LENOVO,WINDOWS,5,9.965784285,SSD,21223,1,15.6,282,3,NO,3493.99
LENOVO,WINDOWS,5,9.965784285,SSD,22413,1,16,283,3,NO,2934.99
DELL,WINDOWS,5,9.965784285,SSD,23392,2,14,162,3,NO,3071.99
LENOVO,WINDOWS,5,9.965784285,SSD,22413,2,15.6,141,3,NO,2780.49
DELL,WINDOWS,5,9.965784285,SSD,29151,2,15.6,290,3,NO,4055.49
DELL,WINDOWS,5,9.965784285,SSD,29151,2,17,266,3,NO,5034.49
LENOVO,WINDOWS,5,9.965784285,SSD,21142,2,16,189,3,NO,2293.99
LENOVO,WINDOWS,5,9.965784285,SSD,22413,1,15.6,141,3,NO,3817.49
HP,WINDOWS,4,9.965784285,SSD,10505,2,14,157,3,NO,2134.49
HP,WINDOWS,5,9.965784285,SSD,10505,2,15.6,141,3,NO,1645.99
LENOVO,WINDOWS,5,9.965784285,SSD,21223,2,15.6,141,3,NO,2258.99
DELL,WINDOWS,5,9.965784285,SSD,29151,2,14,216,3,NO,3779.49
CHILLBLAST,WINDOWS,5,9.965784285,SSD,27127,2,14,210,3,NO,1429.99
CHILLBLAST,WINDOWS,4,9.965784285,SSD,27127,2,14,210,3,NO,1369.99
CHILLBLAST,WINDOWS,4,9.965784285,SSD,27127,2,16,184,3,NO,1549.99
CHILLBLAST,WINDOWS,5,9.965784285,SSD,27127,1,16,184,3,NO,1879.99
CHILLBLAST,WINDOWS,5,9.965784285,SSD,27127,1,16,138,3,NO,2449.99
CHILLBLAST,WINDOWS,5,9.965784285,SSD,27127,1,16,184,3,NO,2499.99
CHILLBLAST,WINDOWS,4,9.965784285,SSD,27127,1,16,184,3,NO,2399.99
LENOVO,WINDOWS,3,8,SSD,14711,2,15.6,141,1,NO,599.97
ACER,WINDOWS,3,8,SSD,13181,2,15.6,141,1,NO,549.97
LENOVO,WINDOWS,3,8,SSD,10193,2,14,157,3,NO,959.99
LENOVO,WINDOWS,3,8,SSD,17257,3,13.3,170,1,NO,778.99
LENOVO,WINDOWS,4,8,SSD,16888,3,13.3,170,3,NO,1751.99
AVITA,WINDOWS,2,8,SSD,3875,3,14,157,2,NO,169.99
AVITA,WINDOWS,2,8,SSD,3875,3,14,157,2,NO,319.99
AVITA,WINDOWS,2,8,SSD,7088,3,14,157,2,NO,219.99
AVITA,WINDOWS,2,8,SSD,7088,3,14,157,2,NO,299.99
AVITA,WINDOWS,2,8,SSD,3875,3,14,157,2,NO,179.99
LENOVO,WINDOWS,3,8,SSD,7088,3,15.6,141,1,NO,419.99
AVITA,WINDOWS,3,8,SSD,7088,3,14,157,2,NO,299.99
AVITA,WINDOWS,3,8,SSD,7088,3,14,157,2,NO,299.99
AVITA,WINDOWS,2,8,SSD,3875,3,14,157,2,NO,199.99
DELL,WINDOWS,3,8,SSD,6775,3,15.6,141,1,NO,490.49
AVITA,WINDOWS,2,8,SSD,3875,3,14,157,2,NO,209.99
AVITA,WINDOWS,2,8,SSD,7088,3,14,157,2,NO,209.99
AVITA,WINDOWS,2,8,SSD,3875,3,14,157,2,NO,209.99
ASUS,WINDOWS,3,8,SSD,7088,3,15.6,141,0,NO,466.99
AVITA,WINDOWS,3,8,SSD,7088,3,14,157,1,NO,469.99
AVITA,WINDOWS,3,8,SSD,7088,3,14,157,1,NO,469.99
AVITA,WINDOWS,3,8,SSD,7088,3,14,157,1,NO,460
APPLE,MACOS,3,8,SSD,14543,3,13,224,1,NO,925.49
APPLE,MACOS,4,8,SSD,14543,3,13,224,1,NO,1179
LENOVO,WINDOWS,4,8,SSD,5734,3,13.3,170,3,NO,1377.49
DELL,WINDOWS,4,8,SSD,10505,2,15.6,141,3,NO,1577.99
DELL,WINDOWS,3,8,SSD,7763,2,15.6,141,1,NO,859.99
CHILLBLAST,WINDOWS,4,10.96578428,SSD,27127,2,16,142,3,NO,1699.99
CHILLBLAST,WINDOWS,5,10.96578428,SSD,27127,2,16,142,3,NO,1829.99
CHILLBLAST,WINDOWS,4,10.96578428,SSD,27127,1,16,142,3,NO,1999.99
CHILLBLAST,WINDOWS,5,10.96578428,SSD,27127,1,16,138,3,NO,2149.99
ASUS,WINDOWS,5,10.96578428,SSD,29151,1,17.3,170,1,NO,2499.97
MSI,WINDOWS,5,10.96578428,SSD,29151,1,17.3,255,2,NO,3139.99
OTHER,WINDOWS,4,10.96578428,SSD,27127,1,17.3,255,2,NO,3034.74
CHILLBLAST,WINDOWS,4,10.96578428,SSD,27127,1,16,138,3,NO,2399.99
CHILLBLAST,WINDOWS,5,10.96578428,SSD,27127,1,16,142,3,NO,2499.99
ACER,WINDOWS,5,10.96578428,SSD,21223,1,16,189,0,NO,1999.97
MSI,WINDOWS,5,10.96578428,SSD,29151,1,17.3,127,2,NO,3239.99
ASUS,WINDOWS,5,10.96578428,SSD,29151,1,16,184,1,NO,3299.97
MSI,WINDOWS,5,10.96578428,SSD,29151,1,17.3,255,2,NO,3649.99
CHILLBLAST,WINDOWS,5,10.96578428,SSD,27127,1,16,184,3,NO,2599.99
LENOVO,WINDOWS,5,10.96578428,SSD,18810,1,17.3,255,3,NO,5691.99
LENOVO,WINDOWS,6,10.96578428,SSD,18810,1,15.6,282,3,NO,5987.49
CHILLBLAST,WINDOWS,5,10.96578428,SSD,27127,2,14,210,3,NO,1499.99
CHILLBLAST,WINDOWS,4,10.96578428,SSD,27127,2,16,184,3,NO,1629.99
CHILLBLAST,WINDOWS,5,10.96578428,SSD,27127,2,16,184,3,NO,1769.99
CHILLBLAST,WINDOWS,5,10.96578428,SSD,27127,1,16,184,3,NO,1949.99
CHILLBLAST,WINDOWS,4,10.96578428,SSD,27127,1,16,184,3,NO,1899.99
CHILLBLAST,WINDOWS,4,10.96578428,SSD,27127,1,16,184,3,NO,2499.99
HP,CHROMEOS,2,5,EMMC,1902,4,11.6,127,2,NO,299.99
HP,CHROMEOS,2,5,EMMC,1902,4,11.6,127,1,NO,233.49
HP,CHROMEOS,2,5,EMMC,1902,4,11.6,127,1,NO,237.49
ASUS,CHROMEOS,3,5,EMMC,1115,4,14,157,0,NO,319.99
ACER,CHROMEOS,2,5,EMMC,1902,4,11.6,127,1,NO,232.99
CHILLBLAST,WINDOWS,4,8.965784285,SSD,27127,2,16,184,3,NO,1499.99
APPLE,MACOS,3,9,SSD,15180,3,13.6,224,1,NO,1449
LENOVO,WINDOWS,3,9,SSD,17163,2,15.6,141,1,NO,929.99
LENOVO,WINDOWS,4,9,SSD,21366,2,15.6,141,1,NO,1129.99
AVITA,WINDOWS,3,9,SSD,7276,3,14,157,1,NO,566.88
ASUS,WINDOWS,3,9,SSD,18984,2,15.6,141,1,NO,649.97
LENOVO,WINDOWS,3,9,SSD,11024,2,15.6,141,1,NO,599.97
ACER,WINDOWS,3,9,SSD,13181,2,15.6,141,1,NO,599.97
MEDION,WINDOWS,3,9,SSD,8656,2,15.6,141,2,NO,559.99
ASUS,WINDOWS,3,9,SSD,14711,2,15.6,141,1,NO,549.97
LENOVO,WINDOWS,3,9,SSD,17163,2,15.6,141,1,NO,649.99
ASUS,WINDOWS,3,9,SSD,11024,2,14,216,1,NO,699.99
LENOVO,WINDOWS,3,9,SSD,17163,2,15.6,141,1,NO,649.97
MEDION,WINDOWS,3,9,SSD,8656,2,15.6,141,2,NO,599.99
RAZER,WINDOWS,4,9,SSD,10505,2,13.3,166,1,NO,1779.99
HP,WINDOWS,3,9,SSD,8656,2,15.6,141,1,NO,789.99
LENOVO,WINDOWS,3,9,SSD,20179,2,15.6,141,1,NO,899.97
ASUS,WINDOWS,3,9,SSD,14711,2,15.6,141,1,NO,649.97
ASUS,WINDOWS,3,9,SSD,11024,2,15.6,141,0,NO,649.97
ASUS,WINDOWS,3,9,SSD,11024,2,15.6,141,1,NO,649.97
ACER,WINDOWS,3,9,SSD,11024,2,15.6,141,1,NO,649.97
ASUS,WINDOWS,3,9,SSD,16015,2,15.6,141,1,NO,699.99
ASUS,WINDOWS,4,9,SSD,11024,2,16,275,0,NO,999.99
ASUS,WINDOWS,3,9,SSD,18984,2,15.6,141,1,NO,889.99
ACER,WINDOWS,3,9,SSD,13181,2,14,157,0,NO,899.99
ASUS,WINDOWS,4,9,SSD,21366,2,15.6,141,1,NO,980.99
MEDION,WINDOWS,3,9,SSD,17163,2,15.6,141,2,NO,639.99
LENOVO,WINDOWS,3,9,SSD,11024,2,15.6,141,1,NO,849.97
LENOVO,WINDOWS,3,9,SSD,17163,2,15.6,141,1,NO,749.99
LENOVO,WINDOWS,3,9,SSD,17163,2,15.6,141,1,NO,749.97
MSI,WINDOWS,3,9,SSD,16015,2,15.6,141,1,NO,729.99
LENOVO,WINDOWS,3,9,SSD,20179,2,15.6,141,1,NO,799.99
ASUS,WINDOWS,3,9,SSD,16015,2,17.3,127,1,NO,1070.92
LENOVO,WINDOWS,3,9,SSD,17163,2,15.6,141,1,NO,849.99
ACER,WINDOWS,3,9,SSD,16015,2,15.6,141,1,NO,889.99
ACER,WINDOWS,4,9,SSD,22343,2,15.6,141,1,NO,899.97
ASUS,WINDOWS,4,9,SSD,18984,2,15.6,141,1,NO,989.99
ASUS,WINDOWS,3,9,SSD,16015,2,15.6,141,1,NO,749.99
LENOVO,WINDOWS,3,9,SSD,11024,2,15.6,141,1,NO,839.99
MEDION,WINDOWS,4,9,SSD,17163,2,15.6,141,2,NO,789.99
HP,WINDOWS,4,9,SSD,21366,2,16.1,137,1,NO,899.97
HP,WINDOWS,4,9,SSD,17163,2,16.1,137,1,NO,849.97
ACER,WINDOWS,4,9,SSD,21366,2,15.6,141,1,NO,1079.99
MEDION,WINDOWS,4,9,SSD,17163,2,15.6,141,2,NO,789.99
LENOVO,WINDOWS,4,9,SSD,21366,2,17.3,127,1,NO,1199.97
ASUS,WINDOWS,3,9,SSD,11966,2,15.6,141,1,NO,859.99
LENOVO,WINDOWS,3,9,SSD,17163,2,15.6,141,1,NO,869.99
MSI,WINDOWS,4,9,SSD,21223,2,15.6,141,1,NO,1159.99
OTHER,WINDOWS,4,9,SSD,11641,2,15.6,141,2,NO,999.99
RAZER,WINDOWS,4,9,SSD,15381,2,17.3,127,1,NO,2578.1
LENOVO,WINDOWS,3,9,SSD,16015,2,17.3,127,1,NO,999.97
ACER,WINDOWS,4,9,SSD,27127,2,15.6,141,1,NO,1149.97
LENOVO,WINDOWS,4,9,SSD,23322,2,15.6,188,1,NO,1435.86
OTHER,WINDOWS,4,9,SSD,14939,2,15.6,141,0,NO,1399.97
LENOVO,WINDOWS,3,9,SSD,17163,2,15.6,141,1,NO,899.97
LENOVO,WINDOWS,4,9,SSD,16015,2,17.3,127,1,NO,1129.99
OTHER,WINDOWS,4,9,SSD,14939,2,15.6,141,0,NO,1199.97
LENOVO,WINDOWS,3,9,SSD,17163,2,15.6,141,1,NO,899.97
ACER,WINDOWS,4,9,SSD,22343,2,15.6,141,1,NO,1049.97
LENOVO,WINDOWS,4,9,SSD,20179,2,15.6,188,1,NO,1149.97
MEDION,WINDOWS,4,9,SSD,21366,1,17.3,170,2,NO,1329.99
LENOVO,WINDOWS,4,9,SSD,21366,1,17.3,127,1,NO,1399.97
MEDION,WINDOWS,4,9,SSD,21366,1,17.3,170,2,NO,1329.99
LENOVO,WINDOWS,4,9,SSD,21366,1,15.6,141,1,NO,1399.97
LENOVO,WINDOWS,4,9,SSD,23322,1,15.6,188,1,NO,1699.97
ASUS,WINDOWS,4,9,SSD,10505,3,14,157,0,NO,1269.99
LENOVO,WINDOWS,4,9,SSD,22343,2,15.6,141,1,NO,999.99
LENOVO,WINDOWS,4,9,SSD,22343,2,15.6,141,1,NO,1069.99
OTHER,WINDOWS,4,9,SSD,16849,2,17.3,127,0,NO,2679.99
LENOVO,WINDOWS,4,9,SSD,22608,3,13.3,255,3,NO,2000.99
LENOVO,WINDOWS,3,9,SSD,7088,3,15.6,141,1,NO,486.99
APPLE,MACOS,4,9,SSD,14543,2,14,254,1,NO,1751.49
APPLE,MACOS,4,9,SSD,41175,2,16,254,1,NO,2210.49
APPLE,MACOS,4,9,SSD,41175,2,16,254,1,NO,2210.49
APPLE,MACOS,4,9,SSD,14543,3,13,224,1,NO,1389
APPLE,MACOS,3,9,SSD,14543,3,13,227,1,NO,1542.49
LENOVO,WINDOWS,4,9,SSD,21223,2,15.6,141,3,NO,1564.49
LENOVO,WINDOWS,4,9,SSD,8656,2,15.6,141,1,NO,871.99
DELL,WINDOWS,4,9,SSD,12285,2,15.6,145,1,NO,1720.99
LENOVO,WINDOWS,3,9,SSD,10505,3,17.3,127,1,NO,857.99
LENOVO,WINDOWS,5,9,SSD,12285,2,15.6,141,3,NO,1901.99
LENOVO,WINDOWS,4,9,SSD,21223,2,15.6,141,1,NO,1194.49
DELL,WINDOWS,4,9,SSD,27127,2,15.6,141,1,NO,1731.49
LENOVO,WINDOWS,4,9,SSD,21366,2,16,189,1,NO,1239.99
LENOVO,WINDOWS,4,9,SSD,7013,3,14,157,3,NO,1024.49
LENOVO,WINDOWS,4,9,SSD,10076,2,15.6,141,3,NO,849.49
LENOVO,WINDOWS,4,9,SSD,10837,2,15.6,141,3,NO,1720.99
LENOVO,WINDOWS,4,9,SSD,10505,2,14,157,3,NO,1505.99
LENOVO,WINDOWS,4,9,SSD,10505,2,15.6,141,3,NO,1510.49
LENOVO,WINDOWS,4,9,SSD,10837,2,14,157,3,NO,1724.99
LENOVO,WINDOWS,4,9,SSD,10505,2,14,157,3,NO,1409.49
HP,WINDOWS,4,9,SSD,27127,3,15.6,141,3,NO,1576.99
DELL,WINDOWS,4,9,SSD,27127,2,15.6,141,3,NO,2211.99
HP,WINDOWS,4,9,SSD,27127,2,15.6,141,3,NO,1686.99
DELL,WINDOWS,5,9,SSD,27127,2,15.6,141,3,NO,2545.49
LENOVO,WINDOWS,4,9,SSD,22413,2,15.6,141,3,NO,2751.99
LENOVO,WINDOWS,4,9,SSD,21223,2,17.3,127,3,NO,2553.99
LENOVO,WINDOWS,4,9,SSD,21223,2,15.6,141,3,NO,2108.49
LENOVO,WINDOWS,4,9,SSD,21223,2,15.6,141,3,NO,2467.49
HP,WINDOWS,4,9,SSD,21223,2,15.6,141,3,NO,2107.49
HP,WINDOWS,4,9,SSD,21223,2,15.6,141,3,NO,2753.49
LENOVO,WINDOWS,4,9,SSD,21142,2,16,189,3,NO,1767.99
DELL,WINDOWS,4,9,SSD,27127,2,15.6,290,3,NO,3311.49
DELL,WINDOWS,4,9,SSD,27127,2,17,266,3,NO,4004.49
DELL,WINDOWS,5,9,SSD,23392,2,15.6,290,3,NO,3623.99
DELL,WINDOWS,5,9,SSD,23392,2,17,266,3,NO,4630.49
DELL,WINDOWS,5,9,SSD,22413,2,17,266,3,NO,3977.49
LENOVO,WINDOWS,4,9,SSD,21142,2,15.6,141,3,NO,2896.49
HP,WINDOWS,5,9,SSD,21223,2,15.6,141,3,NO,2579.49
LENOVO,WINDOWS,4,9,SSD,21223,2,15.6,141,3,NO,2110.49
LENOVO,WINDOWS,4,9,SSD,21223,2,17.3,127,3,NO,2118.49
LENOVO,WINDOWS,4,9,SSD,21223,2,15.6,141,3,NO,1935.99
HP,WINDOWS,4,9,SSD,21223,2,17.3,127,3,NO,2019.49
LENOVO,WINDOWS,4,9,SSD,21142,2,16,189,3,NO,1694.49
LENOVO,WINDOWS,4,9,SSD,16133,2,15.6,141,3,NO,1997.49
LENOVO,WINDOWS,4,9,SSD,21223,2,16,189,3,NO,1553.49
HP,WINDOWS,5,9,SSD,21223,2,15.6,141,3,NO,2055.49
HP,WINDOWS,4,9,SSD,21223,2,15.6,141,3,NO,1960.99
DELL,WINDOWS,4,9,SSD,21223,2,17.3,127,3,NO,2618.99
HP,WINDOWS,4,9,SSD,21223,2,15.6,141,3,NO,1822.49
DELL,WINDOWS,3,9,SSD,10076,2,15.6,141,3,NO,1410.49
DELL,WINDOWS,4,9,SSD,10505,2,15.6,141,3,NO,1436.99
DELL,WINDOWS,5,9,SSD,12906,2,15.6,141,3,NO,2073.49
DELL,WINDOWS,4,9,SSD,13087,2,15.6,141,3,NO,1738.99
DELL,WINDOWS,4,9,SSD,13897,2,15.6,141,3,NO,1437.49
LENOVO,WINDOWS,4,9,SSD,16015,2,15.6,141,3,NO,1681.99
LENOVO,WINDOWS,4,9,SSD,21223,2,15.6,141,3,NO,1854.99
DELL,WINDOWS,4,9,SSD,22343,2,15.6,141,3,NO,1853.99
DELL,WINDOWS,4,9,SSD,27127,2,15.6,141,3,NO,2113.99
CHILLBLAST,WINDOWS,3,9,SSD,27127,2,14,210,3,NO,1559.99
CHILLBLAST,WINDOWS,4,9,SSD,27127,2,14,210,3,NO,1595.99
ASUS,CHROMEOS,3,6,EMMC,1115,4,15.6,141,0,NO,389.99
ACER,CHROMEOS,2,6,EMMC,3343,4,13.3,166,1,NO,386.49
ASUS,WINDOWS,2,6,EMMC,1115,4,11.6,127,0,NO,252.49
OTHER,WINDOWS,2,6,EMMC,1952,4,12.5,117,0,NO,99.99
ASUS,CHROMEOS,3,6,SSD,2152,4,15.6,141,1,NO,442.49
APPLE,MACOS,3,8,SSD,14543,3,13,224,1,NO,933.49
APPLE,MACOS,3,8,SSD,14543,3,13,224,1,NO,920.99
APPLE,MACOS,3,9,SSD,14543,3,13,224,1,NO,1189
APPLE,MACOS,4,9,SSD,14543,3,13,227,1,NO,1689
APPLE,MACOS,3,8,SSD,14543,3,13,227,1,NO,999
APPLE,MACOS,3,8,SSD,15180,3,13.6,224,1,NO,1169
APPLE,MACOS,3,8,SSD,15180,3,13.6,224,1,NO,1175
APPLE,MACOS,3,8,SSD,15180,3,13,227,1,NO,1278.97
APPLE,MACOS,3,8,SSD,15180,3,13,227,1,NO,1279
APPLE,MACOS,3,8,SSD,15180,3,13.6,224,1,NO,1175
APPLE,MACOS,3,8,SSD,15180,3,13.6,224,1,NO,1179
APPLE,MACOS,3,9,SSD,15180,3,13.6,224,1,NO,1449
APPLE,MACOS,3,9,SSD,15180,3,13,227,1,NO,1449
APPLE,MACOS,3,9,SSD,15180,3,13,227,1,NO,1449
APPLE,MACOS,3,9,SSD,15180,3,13.6,224,1,NO,1449
APPLE,MACOS,3,9,SSD,15180,3,13.6,224,1,NO,1448.98
APPLE,MACOS,3,8,SSD,14543,3,13,224,1,NO,1589
HP,WINDOWS,4,9,SSD,10505,2,14,157,3,NO,1202.99
HP,WINDOWS,4,9,SSD,10505,2,15.6,141,3,NO,1221.99
DELL,WINDOWS,4,9,SSD,17845,2,14,157,3.25,NO,1371.49
LENOVO,WINDOWS,4,9,SSD,10076,2,15.6,141,3,NO,1379.99
LENOVO,WINDOWS,3,9,SSD,27127,2,16,189,0,NO,1599.97
LENOVO,WINDOWS,5,9.965784285,SSD,36511,1,16,189,0,NO,2299.97
LENOVO,WINDOWS,5,9.965784285,SSD,27127,1,15.6,188,0,NO,1899.97
LENOVO,WINDOWS,3,9,SSD,27127,1,15.6,188,0,NO,1699.97
MSI,WINDOWS,5,9.965784285,SSD,27127,2,17.3,127,2,NO,2659.99
LENOVO,WINDOWS,5,9.965784285,SSD,32359,1,16,189,0,NO,2899.97
LENOVO,WINDOWS,4,9,SSD,17210,2,16,154,3,NO,1644.99
ASUS,WINDOWS,2,7,EMMC,3056,4,11.6,127,0,YES,223.99
ASUS,WINDOWS,2,7,SSD,5086,3,14,157,1,YES,257.99
LENOVO,WINDOWS,2,7,SSD,2370,4,14,105,1,YES,259.99
ACER,WINDOWS,3,7,SSD,6376,3,14,105,1,YES,389.49
FUJITSU,WINDOWS,4,9.965784285,SSD,10837,3,13.3,166,2,YES,1235.99
ASUS,WINDOWS,4,8,SSD,5925,3,13.3,166,1,YES,429.99
ASUS,WINDOWS,3,8,SSD,7607,3,15.6,141,1,YES,372.49
ASUS,WINDOWS,3,8,SSD,7607,3,14,157,1,YES,399.99
MSI,WINDOWS,3,8,SSD,10076,3,14,157,1,YES,342.49
LENOVO,WINDOWS,3,8,SSD,10076,3,14,157,1,YES,610.49
LENOVO,WINDOWS,3,8,SSD,1522,4,15.6,141,0,YES,259.49
LENOVO,WINDOWS,3,8,SSD,2243,3,14,105,0,YES,157.49
LENOVO,WINDOWS,3,8,SSD,3172,3,12.5,125,0,YES,182.49
LENOVO,WINDOWS,3,8,SSD,10076,3,15.6,141,1,YES,451.49
HP,WINDOWS,3,8,SSD,10076,3,13.3,166,1,YES,633.49
LENOVO,WINDOWS,3,8,SSD,10076,3,15.6,141,1,YES,455.99
ASUS,WINDOWS,3,8,SSD,10076,3,15.6,141,0,YES,490.99
HP,WINDOWS,3,8,SSD,5925,3,14,157,0,YES,643.49
LENOVO,WINDOWS,3,8,SSD,5925,3,15.6,141,0,YES,544.49
DYNABOOK,WINDOWS,4,8,SSD,10505,3,14,157,1,YES,839.99
DYNABOOK,WINDOWS,4,8,SSD,10076,3,13.3,166,1,YES,881.49
LENOVO,WINDOWS,3,8,SSD,11071,3,15.6,141,1,YES,508.99
OTHER,WINDOWS,4,8,SSD,5199,3,13,266,1,YES,634.49
ASUS,WINDOWS,3,8,SSD,10076,3,15.6,141,0,YES,410.99
LENOVO,WINDOWS,3,8,SSD,7607,3,14,157,1,YES,550.99
DELL,CHROMEOS,2,5,EMMC,1572,4,11.6,127,1,YES,111.99
OTHER,CHROMEOS,2,5,EMMC,1410,4,15.6,141,0,YES,219.49
LENOVO,CHROMEOS,2,5,EMMC,1572,4,11.6,127,1,YES,108.49
ACER,WINDOWS,4,9,SSD,10505,3,14,157,1,YES,749.99
ASUS,WINDOWS,4,9,SSD,10076,3,15.6,141,1,YES,482.49
ASUS,WINDOWS,4,9,SSD,10505,3,14,157,1,YES,785.49
MSI,WINDOWS,4,9,SSD,10076,3,14,157,1,YES,630.99
OTHER,WINDOWS,4,9,SSD,14711,3,16.1,137,1,YES,562.49
ASUS,WINDOWS,3,9,SSD,7607,3,13.3,166,1,YES,581.49
ASUS,WINDOWS,3,9,SSD,7607,3,15.6,141,1,YES,356.49
MSI,WINDOWS,3,9,SSD,10076,3,15.6,141,0,YES,419.99
ASUS,WINDOWS,3,9,SSD,10076,3,14,157,1,YES,426.49
ACER,WINDOWS,3,9,SSD,7607,3,15.6,141,1,YES,376.49
LENOVO,WINDOWS,4,9,SSD,10505,3,15.6,141,1,YES,728.99
LENOVO,WINDOWS,4,9,SSD,10505,3,14,157,1,YES,721.49
ASUS,WINDOWS,3,9,SSD,10076,3,15.6,141,0,YES,465.99
ASUS,WINDOWS,3,9,SSD,10076,3,15.6,141,2,YES,417.99
LENOVO,WINDOWS,4,9,SSD,3642,3,14,157,0,YES,497.99
LENOVO,WINDOWS,4,9,SSD,18356,3,14,157,1,YES,914.99
DYNABOOK,WINDOWS,2,6,EMMC,1572,4,11.6,127,1,YES,179.49
LENOVO,CHROMEOS,2,6,EMMC,1572,4,11.6,127,1,YES,255.99
OTHER,WINDOWS,1,6,EMMC,1410,4,14,157,1,YES,148.99
ASUS,CHROMEOS,3,6,EMMC,2951,4,14,157,1,YES,386.99
LENOVO,WINDOWS,2,6,EMMC,2474,3,11.6,127,1,YES,127.99
LENOVO,WINDOWS,2,6,EMMC,1572,4,11.6,127,1,YES,124.99
ASUS,WINDOWS,2,6,EMMC,1572,4,14,105,1,YES,124.49
LENOVO,WINDOWS,2,7,EMMC,5734,4,10.1,224,1,NO,342.49
LENOVO,CHROMEOS,4,7,EMMC,5988,3,15.6,282,1,NO,599.97
GEO,WINDOWS,2,7,EMMC,1572,4,10.1,224,1,NO,289.99
GEO,WINDOWS,2,7,EMMC,1572,4,10.1,224,1,NO,299.99
GEO,WINDOWS,2,7,EMMC,2695,4,12.2,241,1,NO,379.99
OTHER,WINDOWS,2,7,EMMC,3343,4,14,157,1,NO,397.49
ACER,WINDOWS,2,7,SSD,3056,4,14,157,1,NO,279.99
ACER,WINDOWS,2,7,SSD,3056,4,14,157,1,NO,279.99
LENOVO,WINDOWS,2,7,SSD,3995,3,14,157,1,NO,199.97
LENOVO,WINDOWS,2,7,SSD,7577,3,15.6,141,1,NO,349.97
ASUS,WINDOWS,2,7,SSD,3995,3,14,157,1,NO,239.99
LENOVO,WINDOWS,2,7,SSD,2154,3,14,157,1,NO,199.99
LENOVO,WINDOWS,2,7,SSD,6242,3,15.6,141,1,NO,299.97
ASUS,WINDOWS,2,7,SSD,6242,3,14,157,1,NO,329.99
LENOVO,WINDOWS,2,7,SSD,2370,4,17.3,95,1,NO,299.97
LENOVO,WINDOWS,2,7,SSD,5086,3,15.6,141,1,NO,429.99
HP,WINDOWS,3,7,SSD,9908,3,14,157,1,NO,529.99
HP,WINDOWS,2,7,SSD,5287,3,14,157,1,NO,399.99
LENOVO,WINDOWS,2,7,SSD,6242,3,14,157,1,NO,429.99
LENOVO,WINDOWS,2,7,SSD,6242,3,14,157,1,NO,299.97
HP,WINDOWS,2,7,SSD,5287,3,17.3,127,1,NO,359.99
LENOVO,WINDOWS,2,7,SSD,6242,3,14,157,1,NO,429.99
GEO,WINDOWS,2,7,SSD,1572,4,14.1,156,0,NO,329.99
GEO,WINDOWS,2,7,SSD,1572,4,14.1,156,0,NO,289.99
LENOVO,WINDOWS,3,7,SSD,2517,4,11.6,127,1,NO,326.99
DYNABOOK,WINDOWS,2,7,SSD,548,4,14,112,1,NO,224.99
LENOVO,WINDOWS,2,7,SSD,2517,4,11.6,127,1,NO,391.99
LENOVO,CHROMEOS,3,7,SSD,5214,3,13.3,166,1,NO,644.99
LENOVO,WINDOWS,2,7,SSD,2720,3,11.6,127,1,NO,376.99
LENOVO,WINDOWS,2,7,SSD,2720,3,14,157,1,NO,393.99
LENOVO,WINDOWS,2,7,SSD,2720,3,11.6,127,1,NO,375.99
LENOVO,WINDOWS,2,7,SSD,3048,4,15.6,141,1,NO,323.79
AVITA,WINDOWS,3,7,SSD,7088,3,14,157,0,NO,490
GEO,WINDOWS,2,7,SSD,3980,3,14.1,156,1,NO,371.48
ACER,WINDOWS,2,7,SSD,1964,4,14,157,1,NO,299.99
ACER,WINDOWS,2,7,SSD,3056,4,14,157,1,NO,429.99
ACER,WINDOWS,2,7,SSD,3056,4,14,157,1,NO,429.99
ASUS,CHROMEOS,3,7,SSD,6242,3,15.6,141,0,NO,642.99
ACER,WINDOWS,2,7,SSD,1964,4,14,157,1,NO,299.99
ACER,WINDOWS,2,7,SSD,5086,3,15.6,141,1,NO,379.49
ACER,CHROMEOS,3,7,SSD,3980,3,13.5,201,1,NO,626.99
DYNABOOK,WINDOWS,2,7,SSD,1440,4,14,157,1,NO,149.99
HP,CHROMEOS,2,4,EMMC,869,4,11.6,127,1,NO,342.49
HP,CHROMEOS,2,4,EMMC,1572,4,11.6,127,1,NO,104.99
ASUS,WINDOWS,4,9.965784285,SSD,21366,3,15.6,141,1,NO,899.99
ASUS,WINDOWS,4,9.965784285,SSD,21366,3,15.6,141,1,NO,929.99
ACER,WINDOWS,3,9.965784285,SSD,11071,3,15.6,141,1,NO,659.99
ASUS,WINDOWS,4,9.965784285,SSD,10505,3,14,243,0,NO,1045.66
ASUS,WINDOWS,4,9.965784285,SSD,11966,3,15.6,141,1,NO,899.99
ACER,WINDOWS,3,9.965784285,SSD,11966,3,16.1,137,0,NO,899.99
ACER,WINDOWS,2,8,SSD,3056,4,14,157,0,NO,439.99
ACER,WINDOWS,2,8,SSD,3056,4,14,157,0,NO,399.99
LENOVO,WINDOWS,3,8,SSD,5925,3,13,232,3,NO,1486.99
LENOVO,WINDOWS,4,8,SSD,8931,3,13.5,218,3,NO,1929.99
LENOVO,WINDOWS,3,8,SSD,11071,3,14,157,1,NO,499.97
ACER,WINDOWS,2,8,SSD,3968,3,14,157,1,NO,375.79
ASUS,WINDOWS,3,8,SSD,11071,3,14,157,1,NO,569.99
ASUS,WINDOWS,3,8,SSD,6242,3,15.6,141,1,NO,399.99
ASUS,WINDOWS,3,8,SSD,6242,3,14,157,1,NO,349.99
ASUS,WINDOWS,3,8,SSD,6376,3,15.6,141,1,NO,400.4
ASUS,WINDOWS,2,8,SSD,5086,3,14,157,1,NO,429.99
ASUS,WINDOWS,2,8,SSD,6242,3,15.6,141,1,NO,489.99
HP,WINDOWS,3,8,SSD,6242,3,15.6,141,1,NO,449.99
ASUS,WINDOWS,3,8,SSD,3980,3,15.6,141,1,NO,400.42
ASUS,WINDOWS,3,8,SSD,6242,3,15.6,141,1,NO,569.99
LENOVO,WINDOWS,3,8,SSD,10076,3,14,157,1,NO,549.97
LENOVO,WINDOWS,3,8,SSD,10076,3,14,157,1,NO,629.99
LENOVO,WINDOWS,3,8,SSD,10076,3,14,157,1,NO,499.97
LENOVO,WINDOWS,3,8,SSD,10076,3,14,157,1,NO,529.99
LENOVO,WINDOWS,3,8,SSD,10076,3,14,157,1,NO,789.99
AVITA,WINDOWS,2,8,SSD,3875,3,14,157,0,NO,199.97
DYNABOOK,WINDOWS,3,8,SSD,6376,3,14,105,1,NO,339.99
ACER,WINDOWS,3,8,SSD,6242,3,15.6,141,1,NO,399.97
ACER,WINDOWS,3,8,SSD,6242,3,15.6,141,3,NO,419.97
HP,WINDOWS,3,8,SSD,7088,3,15.6,141,1,NO,479.99
HP,WINDOWS,3,8,SSD,7088,3,15.6,141,1,NO,465.99
DYNABOOK,WINDOWS,3,8,SSD,10076,3,13.3,166,1,NO,1030.49
AVITA,WINDOWS,2,8,SSD,7088,3,14,157,1,NO,169.97
LENOVO,WINDOWS,3,8,SSD,10076,3,15.6,141,1,NO,479.99
LENOVO,WINDOWS,3,8,SSD,10076,3,14,157,1,NO,499.99
LENOVO,WINDOWS,3,8,SSD,10076,3,15.6,141,1,NO,469.99
LENOVO,WINDOWS,3,8,SSD,10076,3,14,157,1,NO,392.49
DELL,WINDOWS,3,8,SSD,10076,3,15.6,141,1,NO,571.99
ASUS,WINDOWS,3,8,SSD,10076,3,15.6,141,0,NO,434.99
ASUS,WINDOWS,3,8,SSD,10076,3,14,157,0,NO,387.49
LENOVO,WINDOWS,3,8,SSD,10076,3,14,157,1,NO,711.99
LENOVO,WINDOWS,3,8,SSD,10076,3,13.3,166,1,NO,655.99
LENOVO,WINDOWS,3,8,SSD,10076,3,15.6,141,1,NO,469.99
ACER,WINDOWS,3,8,SSD,10076,3,14,157,1,NO,578.49
DELL,WINDOWS,4,8,SSD,10193,3,15.6,141,1,NO,1003.49
DELL,WINDOWS,3,8,SSD,10076,3,15.6,141,1,NO,714.99
ASUS,WINDOWS,3,8,SSD,10076,3,14,157,0,NO,577.99
HP,WINDOWS,3,8,SSD,10076,3,14,157,3,NO,991.49
DELL,WINDOWS,3,8,SSD,10656,3,15.6,141,1,NO,717.99
DYNABOOK,WINDOWS,3,8,SSD,10076,3,14,157,0,NO,594.99
DYNABOOK,WINDOWS,3,8,SSD,10076,3,14,157,1,NO,584.99
DELL,WINDOWS,3,8,SSD,10656,3,14,157,1,NO,720.49
FUJITSU,WINDOWS,3,8,SSD,10076,3,15.6,141,1,NO,553.49
DELL,WINDOWS,3,8,SSD,10076,3,14,157,1,NO,962.49
DYNABOOK,WINDOWS,4,8,SSD,10505,3,14,157,1,NO,788.99
DYNABOOK,WINDOWS,3,8,SSD,10076,3,15.6,141,1,NO,598.99
DELL,WINDOWS,3,8,SSD,10076,3,15.6,141,1,NO,929.99
HP,WINDOWS,3,8,SSD,10193,3,14,157,3,NO,1061.49
HP,WINDOWS,3,8,SSD,10076,3,13.3,166,3,NO,1001.99
DYNABOOK,WINDOWS,3,8,SSD,17783,3,13.3,166,1,NO,1338.99
DELL,WINDOWS,3,8,SSD,10505,3,13.3,166,1,NO,889.49
LENOVO,WINDOWS,3,8,SSD,10076,3,15.6,141,1,NO,819.49
LENOVO,WINDOWS,3,8,SSD,10076,3,14,157,1,NO,563.99
HP,WINDOWS,3,8,SSD,10193,3,14,157,1,NO,1123.99
LENOVO,WINDOWS,3,8,SSD,10076,3,15.6,141,3,NO,1209.99
HP,WINDOWS,4,8,SSD,10193,3,13.3,166,3,NO,1190.99
DELL,WINDOWS,3,8,SSD,10505,3,13.3,166,1,NO,799.49
LENOVO,WINDOWS,3,8,SSD,10076,3,15.6,141,1,NO,718.49
DELL,WINDOWS,3,8,SSD,10505,3,15.6,141,1,NO,832.49
DYNABOOK,WINDOWS,4,8,SSD,17783,3,15.6,141,1,NO,894.99
DYNABOOK,WINDOWS,3,8,SSD,10505,3,14,157,1,NO,1028.99
LENOVO,WINDOWS,3,8,SSD,10076,3,13.3,170,3,NO,1347.49
ACER,WINDOWS,3,8,SSD,10076,3,15.6,141,1,NO,570.49
FUJITSU,WINDOWS,3,8,SSD,10076,3,14,157,1,NO,701.49
LENOVO,WINDOWS,4,8,SSD,10076,3,14,162,3,NO,1882.49
LENOVO,WINDOWS,4,8,SSD,8931,3,13.5,218,3,NO,1931.99
LENOVO,WINDOWS,3,8,SSD,13897,3,15.6,141,1,NO,838.49
LENOVO,WINDOWS,3,8,SSD,10076,3,14,157,1,NO,960.99
ACER,WINDOWS,3,8,SSD,10076,3,14,157,0,NO,688.49
LENOVO,WINDOWS,3,8,SSD,13897,3,13.3,170,1,NO,928.49
HP,WINDOWS,3,8,SSD,10076,3,13.3,166,3,NO,1588.99
DYNABOOK,WINDOWS,4,8,SSD,17210,3,14,157,1,NO,962.49
ACER,WINDOWS,3,8,SSD,10076,3,15.6,141,1,NO,644.99
DELL,WINDOWS,4,8,SSD,10837,3,13.3,166,3,NO,1374.49
FUJITSU,WINDOWS,3,8,SSD,10076,3,14,157,1,NO,724.99
DYNABOOK,WINDOWS,3,8,SSD,17783,3,14,157,1,NO,839.49
HP,WINDOWS,3,8,SSD,10076,3,14,157,3,NO,1554.49
LENOVO,WINDOWS,3,8,SSD,10076,3,15.6,141,1,NO,960.99
LENOVO,WINDOWS,4,8,SSD,8931,3,13,196,3,NO,1498.49
FUJITSU,WINDOWS,3,8,SSD,10076,3,15.6,141,2,NO,887.49
HP,WINDOWS,3,8,SSD,10076,3,13.3,166,3,NO,958.99
HP,WINDOWS,3,8,SSD,10076,3,13.3,166,3,NO,928.49
HP,WINDOWS,4,8,SSD,10193,3,14,157,1,NO,1038.99
ACER,WINDOWS,3,8,SSD,10076,3,14,157,1,NO,686.99
ASUS,CHROMEOS,4,8,SSD,10076,3,14,157,0,NO,1092.99
ASUS,CHROMEOS,3,8,SSD,8931,3,14,157,0,NO,675.49
LENOVO,WINDOWS,4,8,SSD,10076,3,15.6,141,1,NO,799.99
LENOVO,WINDOWS,3,8,SSD,10076,3,14,157,1,NO,667.49
OTHER,WINDOWS,4,8,SSD,10505,3,13.3,166,0,NO,1325.49
LENOVO,WINDOWS,3,8,SSD,10076,3,14,157,3,NO,1179.99
OTHER,WINDOWS,3,8,SSD,10076,3,15.6,141,0,NO,888.99
DYNABOOK,WINDOWS,4,8,SSD,17783,3,13.3,166,1,NO,1293.99
OTHER,WINDOWS,3,8,SSD,10076,3,13.3,166,0,NO,1190.49
DELL,WINDOWS,4,8,SSD,10193,3,13.3,166,3,NO,1229.99
DELL,WINDOWS,4,8,SSD,10193,3,14,157,1,NO,1055.99
DYNABOOK,WINDOWS,4,8,SSD,10076,3,13.3,166,1,NO,926.49
DELL,WINDOWS,4,8,SSD,10837,3,15.6,141,1,NO,1199.99
DELL,WINDOWS,4,8,SSD,10837,3,14,157,1,NO,1271.49
DELL,WINDOWS,3,8,SSD,10076,3,14,157,3,NO,944.49
DELL,WINDOWS,3,8,SSD,10076,3,13.3,166,1,NO,1001.99
ASUS,WINDOWS,3,8,SSD,10076,3,14,157,0,NO,747.99
ASUS,WINDOWS,3,8,SSD,10076,3,14,157,0,NO,866.99
DELL,WINDOWS,3,8,SSD,10505,3,14,157,1,NO,831.49
LENOVO,WINDOWS,3,8,SSD,10076,3,13.3,170,3,NO,1281.49
DELL,WINDOWS,3,8,SSD,10076,3,14,157,1,NO,828.49
HP,WINDOWS,3,8,SSD,10076,3,14,157,1,NO,951.99
DELL,WINDOWS,4,8,SSD,10837,3,14,157,3,NO,1414.49
DYNABOOK,WINDOWS,3,8,SSD,10076,3,15.6,141,1,NO,637.49
DYNABOOK,WINDOWS,3,8,SSD,17783,3,13.3,166,1,NO,1219.49
DYNABOOK,WINDOWS,3,8,SSD,17783,3,15.6,141,1,NO,849.99
DYNABOOK,WINDOWS,3,8,SSD,17210,3,15.6,141,1,NO,913.99
DELL,WINDOWS,3,8,SSD,10076,3,14,157,1,NO,913.99
DELL,WINDOWS,4,8,SSD,10193,3,14,157,3,NO,1228.49
LENOVO,WINDOWS,3,8,SSD,13897,3,14,162,3,NO,1315.49
DYNABOOK,WINDOWS,3,8,SSD,10076,3,13.3,166,1,NO,1206.49
DYNABOOK,WINDOWS,4,8,SSD,17783,3,14,157,1,NO,874.99
HP,WINDOWS,3,8,SSD,10076,3,14,157,1,NO,925.49
ACER,WINDOWS,3,8,SSD,10248,3,15.6,141,1,NO,695.49
LENOVO,WINDOWS,4,8,SSD,17783,3,14,162,3,NO,1414.99
LENOVO,WINDOWS,3,8,SSD,13897,3,13.3,170,1,NO,1101.99
DYNABOOK,WINDOWS,3,8,SSD,10505,3,15.6,141,1,NO,693.49
HP,WINDOWS,4,8,SSD,10193,3,14,157,3,NO,1719.99
DYNABOOK,WINDOWS,4,8,SSD,10076,3,13.3,166,1,NO,1078.49
DYNABOOK,WINDOWS,4,8,SSD,17783,3,13.3,166,1,NO,1113.49
DYNABOOK,WINDOWS,3,8,SSD,17210,3,13.3,166,1,NO,1124.49
LENOVO,WINDOWS,4,8,SSD,17783,3,13,196,3,NO,1751.99
LENOVO,WINDOWS,3,8,SSD,13897,3,14,157,1,NO,849.49
DYNABOOK,WINDOWS,3,8,SSD,10076,3,13.3,166,1,NO,882.99
DYNABOOK,WINDOWS,4,8,SSD,10505,3,13.3,166,1,NO,1030.99
HP,WINDOWS,3,8,SSD,10076,3,14,157,3,NO,1529.49
LENOVO,WINDOWS,3,8,SSD,13897,3,15.6,141,1,NO,965.99
LENOVO,WINDOWS,3,8,SSD,13897,3,16,142,3,NO,1250.99
ASUS,WINDOWS,3,8,SSD,10076,3,14,157,0,NO,579.99
DYNABOOK,WINDOWS,3,8,SSD,10076,3,15.6,141,1,NO,592.99
DELL,WINDOWS,3,8,SSD,10076,3,14,157,1,NO,736.99
HP,WINDOWS,4,8,SSD,10193,3,14,157,3,NO,1270.49
LENOVO,WINDOWS,3,8,SSD,10076,3,15.6,141,1,NO,668.49
DELL,WINDOWS,3,8,SSD,10076,3,15.6,141,1,NO,779.99
LENOVO,WINDOWS,3,8,SSD,10076,3,14,157,3,NO,1219.99
HP,WINDOWS,3,8,SSD,10076,3,14,157,1,NO,874.49
LENOVO,WINDOWS,4,8,SSD,10076,3,14,162,3,NO,1607.99
DELL,WINDOWS,3,8,SSD,10076,3,15.6,141,1,NO,718.49
HP,WINDOWS,3,8,SSD,10076,3,13.3,166,1,NO,795.49
DYNABOOK,WINDOWS,3,8,SSD,10076,3,14,157,1,NO,754.99
HP,WINDOWS,4,8,SSD,10076,3,14,157,1,NO,927.49
DYNABOOK,WINDOWS,3,8,SSD,10076,3,14,157,1,NO,699.49
HP,WINDOWS,3,8,SSD,10505,3,14,157,3,NO,1125.99
DELL,WINDOWS,4,8,SSD,10193,3,13.3,166,1,NO,1013.99
DELL,WINDOWS,3,8,SSD,10076,3,15.6,141,1,NO,629.99
LENOVO,WINDOWS,3,8,SSD,10076,3,14,157,3,NO,1232.99
LENOVO,WINDOWS,3,8,SSD,10076,3,14,157,3,NO,1371.49
LENOVO,WINDOWS,3,8,SSD,10076,3,15.6,141,1,NO,616.49
LENOVO,WINDOWS,3,8,SSD,10076,3,14,157,1,NO,616.49
DELL,WINDOWS,3,8,SSD,10505,3,14,157,1,NO,881.99
DELL,WINDOWS,3,8,SSD,10076,3,13.3,166,1,NO,730.99
HP,WINDOWS,3,8,SSD,10076,3,13,178,3,NO,1925.49
ACER,WINDOWS,2,8,SSD,3056,4,17.3,127,0,NO,399.99
LENOVO,WINDOWS,3,8,SSD,1572,4,15.6,94,1,NO,289.99
DYNABOOK,WINDOWS,3,8,SSD,10076,3,14,157,1,NO,836.49
DYNABOOK,WINDOWS,4,8,SSD,10076,3,13.3,166,1,NO,1205.49
HP,WINDOWS,3,8,SSD,10076,3,14,157,3,NO,1402.99
DYNABOOK,WINDOWS,3,8,SSD,10505,3,13.3,166,1,NO,828.99
DYNABOOK,WINDOWS,3,8,SSD,10076,3,13.3,166,1,NO,865.49
HP,WINDOWS,3,8,SSD,10076,3,13.3,166,3,NO,1405.49
DELL,WINDOWS,4,8,SSD,10193,3,15.6,141,1,NO,1107.49
LENOVO,WINDOWS,3,8,SSD,10076,3,13.3,227,3,NO,1348.18
DELL,WINDOWS,3,8,SSD,10076,3,14,157,3,NO,1135.49
LENOVO,WINDOWS,3,8,SSD,10076,3,14,157,3,NO,1591.49
DYNABOOK,WINDOWS,3,8,SSD,10076,3,14,157,1,NO,827.49
DYNABOOK,WINDOWS,3,8,SSD,10505,3,15.6,141,1,NO,765.49
DELL,WINDOWS,4,8,SSD,10193,3,14,157,1,NO,1112.99
DELL,WINDOWS,3,8,SSD,10076,3,14,157,1,NO,776.49
DELL,WINDOWS,3,8,SSD,10076,3,13.3,166,1,NO,1165.49
LENOVO,WINDOWS,4,8,SSD,10076,3,14,176,3,NO,1826.99
LENOVO,WINDOWS,3,8,SSD,10076,3,13.3,166,1,NO,983.99
LENOVO,WINDOWS,3,8,SSD,13181,3,15.6,141,1,NO,581.99
LENOVO,WINDOWS,3,8,SSD,3968,3,15.6,141,1,NO,369.99
LENOVO,WINDOWS,3,8,SSD,15941,3,15.6,141,1,NO,469.99
LENOVO,WINDOWS,3,8,SSD,13181,3,15.6,141,1,NO,561.49
LENOVO,WINDOWS,3,8,SSD,14723,3,14,157,1,NO,797.49
ACER,WINDOWS,3,8,SSD,15232,3,15.6,141,0,NO,493.49
LENOVO,WINDOWS,3,8,SSD,13181,3,14,157,1,NO,786.99
LENOVO,WINDOWS,3,8,SSD,13181,3,15.6,141,3,NO,748.99
LENOVO,WINDOWS,3,8,SSD,11071,3,14,157,1,NO,736.99
LENOVO,WINDOWS,3,8,SSD,11071,3,14,157,1,NO,602.49
LENOVO,WINDOWS,3,8,SSD,13181,3,15.6,141,1,NO,512.99
LENOVO,WINDOWS,3,8,SSD,13181,3,15.6,141,1,NO,469.99
HP,WINDOWS,3,8,SSD,13181,3,15.6,141,1,NO,848.99
HP,WINDOWS,3,8,SSD,13181,3,13.3,166,1,NO,979.49
HP,WINDOWS,3,8,SSD,13181,3,14,157,3,NO,915.99
LENOVO,WINDOWS,3,8,SSD,12839,3,14,157,1,NO,936.49
LENOVO,WINDOWS,3,8,SSD,10004,3,15.6,141,1,NO,694.49
LENOVO,WINDOWS,3,8,SSD,12839,3,15.6,141,1,NO,750.99
LENOVO,WINDOWS,3,8,SSD,13181,3,15.6,141,1,NO,655.49
DYNABOOK,WINDOWS,3,8,SSD,13181,3,15.6,141,1,NO,497.99
DYNABOOK,WINDOWS,3,8,SSD,13181,3,15.6,141,1,NO,546.99
HP,WINDOWS,4,8,SSD,15232,3,13.3,166,3,NO,1566.99
LENOVO,WINDOWS,3,8,SSD,12839,3,15.6,141,1,NO,786.99
LENOVO,WINDOWS,3,8,SSD,13181,3,14,157,1,NO,626.99
HP,WINDOWS,3,8,SSD,3968,3,15.6,141,1,NO,524.99
LENOVO,WINDOWS,3,8,SSD,13181,3,15.6,141,1,NO,590.99
LENOVO,WINDOWS,3,8,SSD,13181,3,15.6,141,1,NO,529.49
LENOVO,WINDOWS,3,8,SSD,15941,3,14,157,1,NO,658.49
LENOVO,WINDOWS,3,8,SSD,14723,3,15.6,141,1,NO,753.99
LENOVO,WINDOWS,3,8,SSD,15941,3,15.6,141,1,NO,657.99
LENOVO,WINDOWS,3,8,SSD,15232,3,13.3,166,1,NO,796.49
LENOVO,WINDOWS,3,8,SSD,12839,3,13.3,166,3,NO,1070.99
HP,WINDOWS,3,8,SSD,15423,3,13.3,166,1,NO,1118.49
LENOVO,WINDOWS,3,8,SSD,12839,3,15.6,141,1,NO,749.99
LENOVO,WINDOWS,3,8,SSD,11071,3,15.6,141,1,NO,669.49
LENOVO,WINDOWS,3,8,SSD,15232,3,13.3,166,1,NO,1147.99
LENOVO,WINDOWS,3,8,SSD,14723,3,15.6,141,1,NO,797.49
LENOVO,WINDOWS,3,8,SSD,13347,3,13.3,170,1,NO,927.49
LENOVO,WINDOWS,3,8,SSD,13347,3,13.3,170,1,NO,1053.49
LENOVO,WINDOWS,3,8,SSD,14723,3,13.3,170,1,NO,793.49
LENOVO,WINDOWS,3,8,SSD,12839,3,13.3,166,3,NO,861.49
LENOVO,WINDOWS,3,8,SSD,13181,3,15.6,141,1,NO,685.49
LENOVO,WINDOWS,3,8,SSD,3968,3,14,157,1,NO,452.99
DELL,WINDOWS,3,8,SSD,13181,3,15.6,141,1,NO,634.99
LENOVO,WINDOWS,3,8,SSD,2474,3,14,105,1,NO,370.49
LENOVO,WINDOWS,2,8,SSD,2474,3,15.6,94,0,NO,277.49
LENOVO,WINDOWS,3,8,SSD,13181,3,14,157,1,NO,591.99
AVITA,WINDOWS,3,8,SSD,7088,3,14,157,0,NO,499.99
MEDION,WINDOWS,3,8,SSD,11071,3,14,157,2,NO,399.99
AVITA,WINDOWS,3,8,SSD,7088,3,14,157,0,NO,499.99
GEO,WINDOWS,3,8,SSD,6376,3,14.1,156,0,NO,359.99
ACER,WINDOWS,3,8,SSD,7607,3,15.6,141,1,NO,399.97
LENOVO,WINDOWS,3,8,SSD,7607,3,14,157,1,NO,389.99
ACER,WINDOWS,3,8,SSD,6376,3,15.6,141,1,NO,499.99
HP,WINDOWS,3,8,SSD,10076,3,15.6,141,1,NO,535.99
HP,WINDOWS,3,8,SSD,7607,3,15.6,141,1,NO,419.99
HP,WINDOWS,3,8,SSD,7607,3,14,157,1,NO,419.99
DELL,WINDOWS,3,8,SSD,6242,3,15.6,141,1,NO,561.49
GEO,WINDOWS,3,8,SSD,3980,3,14.1,156,0,NO,299.99
ACER,WINDOWS,3,8,SSD,6376,3,14,157,1,NO,383.99
LENOVO,WINDOWS,3,8,SSD,13897,3,14,157,1,NO,755.99
ASUS,WINDOWS,3,8,SSD,6376,3,14,157,0,NO,625.49
ASUS,WINDOWS,3,8,SSD,6242,3,14,157,0,NO,369.49
DELL,WINDOWS,3,8,SSD,6242,3,15.6,141,1,NO,479.99
DELL,WINDOWS,3,8,SSD,6242,3,15.6,141,1,NO,514.99
FUJITSU,WINDOWS,3,8,SSD,5086,3,15.6,141,1,NO,429.99
HP,WINDOWS,3,8,SSD,5086,3,15.6,141,1,NO,612.99
HP,WINDOWS,3,8,SSD,10076,3,13.3,166,1,NO,2206.99
ASUS,WINDOWS,3,8,SSD,6242,3,14,157,0,NO,455.99
LENOVO,WINDOWS,3,8,SSD,13897,3,14,157,1,NO,946.99
FUJITSU,WINDOWS,3,8,SSD,10076,3,15.6,141,1,NO,701.49
DELL,WINDOWS,3,8,SSD,6242,3,14,157,1,NO,555.99
ASUS,WINDOWS,3,8,SSD,6242,3,15.6,141,0,NO,438.49
DYNABOOK,WINDOWS,3,8,SSD,6242,3,15.6,141,1,NO,510.99
DYNABOOK,WINDOWS,3,8,SSD,6242,3,15.6,141,1,NO,500.49
HP,WINDOWS,3,8,SSD,7607,3,14,157,1,NO,379.99
DELL,WINDOWS,3,8,SSD,9908,3,13.3,166,1,NO,552.99
LENOVO,WINDOWS,3,8,SSD,13897,3,15.6,141,1,NO,761.49
LENOVO,WINDOWS,3,8,SSD,13897,3,14,157,1,NO,848.99
DYNABOOK,WINDOWS,3,8,SSD,6242,3,14,157,1,NO,487.99
DELL,WINDOWS,3,8,SSD,6242,3,15.6,141,1,NO,508.49
HP,WINDOWS,3,8,SSD,10505,3,15.6,141,1,NO,679.49
ACER,WINDOWS,3,8,SSD,6242,3,15.6,141,1,NO,467.99
LENOVO,WINDOWS,3,8,SSD,6376,3,13.3,166,3,NO,1270.49
DYNABOOK,WINDOWS,3,8,SSD,8570,3,15.6,141,1,NO,666.49
LENOVO,WINDOWS,3,8,SSD,6376,3,15.6,141,1,NO,626.49
LENOVO,WINDOWS,3,8,SSD,6376,3,15.6,141,1,NO,970.49
DYNABOOK,WINDOWS,3,8,SSD,7607,3,15.6,141,1,NO,530.49
FUJITSU,WINDOWS,3,8,SSD,6242,3,15.6,141,1,NO,450.49
DYNABOOK,WINDOWS,3,8,SSD,3980,3,14,157,1,NO,299.99
DYNABOOK,WINDOWS,3,8,SSD,5086,3,14,157,1,NO,340.49
DYNABOOK,WINDOWS,3,8,SSD,7607,3,14,157,1,NO,464.99
ACER,WINDOWS,3,8,SSD,10076,3,14,157,1,NO,839.49
LENOVO,CHROMEOS,2,5,EMMC,869,4,11.6,127,1,NO,271.99
ASUS,CHROMEOS,2,5,EMMC,1572,4,11.6,127,0,NO,173.49
LENOVO,CHROMEOS,2,5,EMMC,2105,3,11.6,135,1,NO,309.99
LENOVO,CHROMEOS,2,5,EMMC,2105,3,11.6,127,0,NO,236.99
HP,CHROMEOS,2,5,EMMC,869,4,11.6,127,1,NO,325.49
LENOVO,CHROMEOS,2,5,EMMC,869,4,11.6,127,1,NO,240.99
ASUS,CHROMEOS,2,5,EMMC,1572,4,11.6,127,3,NO,252.49
ACER,CHROMEOS,2,5,EMMC,1572,4,14,105,1,NO,217.49
OTHER,CHROMEOS,2,5,EMMC,1410,4,11.6,127,0,NO,265.49
ACER,CHROMEOS,2,5,EMMC,1572,4,11.6,127,1,NO,300.49
HP,CHROMEOS,2,5,EMMC,1572,4,14,105,0,NO,262.49
ACER,CHROMEOS,2,5,EMMC,1410,4,11.6,127,1,NO,232.99
LENOVO,CHROMEOS,2,5,EMMC,2517,4,11.6,127,1,NO,360.99
ACER,CHROMEOS,2,5,EMMC,1572,4,12,135,1,NO,312.49
HP,CHROMEOS,2,5,EMMC,1572,4,11.6,135,0,NO,320.49
ASUS,WINDOWS,3,9,SSD,8570,3,15.6,141,1,NO,570.56
ASUS,WINDOWS,3,9,SSD,8570,3,14,157,1,NO,670
ASUS,WINDOWS,3,9,SSD,8570,3,14,157,1,NO,670
ASUS,WINDOWS,4,9,SSD,10076,3,13.3,166,1,NO,996.92
ACER,WINDOWS,3,9,SSD,11071,3,14,157,1,NO,549.99
ACER,WINDOWS,3,9,SSD,13613,3,14,157,1,NO,589.99
LENOVO,WINDOWS,3,9,SSD,17163,3,14,189,1,NO,579.97
ASUS,WINDOWS,3,9,SSD,15941,3,15.6,141,1,NO,672.44
ASUS,WINDOWS,4,9,SSD,17163,3,15.6,141,1,NO,729.99
ASUS,WINDOWS,4,9,SSD,21366,3,15.6,141,1,NO,749.99
LENOVO,WINDOWS,3,9,SSD,15423,3,14,157,3,NO,1202.99
LENOVO,WINDOWS,3,9,SSD,13613,3,14,157,1,NO,629.99
OTHER,WINDOWS,3,9,SSD,6376,3,14,157,1,NO,399.97
ASUS,WINDOWS,3,9,SSD,7607,3,15.6,141,1,NO,581.47
ASUS,WINDOWS,3,9,SSD,6376,3,14,157,1,NO,599.99
ASUS,WINDOWS,4,9,SSD,10076,3,14,157,1,NO,499.97
ACER,WINDOWS,3,9,SSD,10076,3,13.5,218,1,NO,599.97
LENOVO,WINDOWS,3,9,SSD,10505,3,15.6,141,1,NO,649.97
LENOVO,WINDOWS,3,9,SSD,10505,3,14,315,1,NO,699.97
ASUS,WINDOWS,4,9,SSD,10505,3,15.6,141,1,NO,799.99
ASUS,WINDOWS,3,9,SSD,10076,3,15.6,141,1,NO,769.99
OTHER,WINDOWS,4,9,SSD,10922,3,14,157,2,NO,599.97
ACER,WINDOWS,3,9,SSD,10076,3,14,157,0,NO,529.97
ASUS,WINDOWS,3,9,SSD,10076,3,13.3,166,1,NO,929.99
LENOVO,WINDOWS,3,9,SSD,10505,3,15.6,141,1,NO,629.97
LENOVO,WINDOWS,3,9,SSD,10505,3,14,157,1,NO,649.99
ACER,WINDOWS,3,9,SSD,10505,3,14,157,0,NO,749.97
LENOVO,WINDOWS,4,9,SSD,10505,3,14,315,1,NO,1699.97
ASUS,WINDOWS,3,9,SSD,10505,3,15.6,141,1,NO,769.99
ACER,WINDOWS,4,9,SSD,10076,3,14,157,0,NO,649.97
ACER,WINDOWS,3,9,SSD,10248,3,15.6,141,1,NO,579.97
LENOVO,WINDOWS,3,9,SSD,10505,3,15.6,141,1,NO,699.97
ASUS,WINDOWS,4,9,SSD,10505,3,15.6,141,1,NO,850
ASUS,WINDOWS,4,9,SSD,10076,3,15.6,141,1,NO,760
OTHER,WINDOWS,4,9,SSD,10076,3,14,157,2,NO,655.88
ASUS,WINDOWS,3,9,SSD,7607,3,14,157,1,NO,939.99
ASUS,WINDOWS,3,9,SSD,10505,3,15.6,141,1,NO,499.99
ACER,WINDOWS,3,9,SSD,10076,3,15.6,141,1,NO,499.97
ACER,WINDOWS,4,9,SSD,10076,3,15.6,141,1,NO,549.97
ACER,WINDOWS,4,9,SSD,10076,3,15.6,141,3,NO,579.97
ACER,WINDOWS,3,9,SSD,10076,3,15.6,141,1,NO,499.97
ACER,WINDOWS,3,9,SSD,10076,3,15.6,141,3,NO,519.97
ASUS,WINDOWS,3,9,SSD,10076,3,14,157,1,NO,869.99
LENOVO,WINDOWS,4,9,SSD,10505,3,15.6,141,1,NO,804.49
LENOVO,WINDOWS,4,9,SSD,13087,3,15.6,141,1,NO,1023.99
DYNABOOK,WINDOWS,3,9,SSD,10076,3,15.6,141,1,NO,660.49
LENOVO,WINDOWS,3,9,SSD,10505,3,15.6,141,1,NO,674.99
LENOVO,WINDOWS,3,9,SSD,10076,3,15.6,141,1,NO,573.99
LENOVO,WINDOWS,4,9,SSD,13897,3,14,162,1,NO,878.99
LENOVO,WINDOWS,4,9,SSD,13087,3,13.3,170,1,NO,1291.49
DYNABOOK,WINDOWS,4,9,SSD,17783,3,13.3,166,1,NO,1318.99
DYNABOOK,WINDOWS,3,9,SSD,10505,3,15.6,141,1,NO,683.49
LENOVO,WINDOWS,4,9,SSD,10505,3,13.3,166,1,NO,1105.99
LENOVO,WINDOWS,4,9,SSD,13087,3,13.3,170,1,NO,1115.49
LENOVO,WINDOWS,4,9,SSD,13897,3,16,142,1,NO,878.99
LENOVO,WINDOWS,4,9,SSD,10505,3,14,157,3,NO,1567.99
DELL,WINDOWS,4,9,SSD,12906,3,14,216,3,NO,2145.49
DELL,WINDOWS,4,9,SSD,10837,3,14,157,3,NO,1458.49
LENOVO,WINDOWS,4,9,SSD,17210,3,16,142,3,NO,1564.49
DELL,WINDOWS,4,9,SSD,17210,3,13.4,169,1,NO,1521.99
LENOVO,WINDOWS,4,9,SSD,10505,3,14,157,1,NO,1143.49
HP,WINDOWS,4,9,SSD,10505,3,13.3,166,0,NO,2485.99
LENOVO,WINDOWS,4,9,SSD,10505,3,15.6,141,1,NO,1143.49
ACER,WINDOWS,4,9,SSD,10505,3,15.6,141,1,NO,782.99
DELL,WINDOWS,4,9,SSD,10837,3,13.3,166,3,NO,1571.99
ASUS,CHROMEOS,4,9,SSD,10505,3,14,157,0,NO,1122.49
LENOVO,WINDOWS,3,9,SSD,10076,3,15.6,141,1,NO,583.99
DELL,WINDOWS,4,9,SSD,17783,3,13.4,184,1,NO,1431.49
DELL,WINDOWS,4,9,SSD,10837,3,14,157,1,NO,1284.99
HP,WINDOWS,4,9,SSD,10505,3,14,157,3,NO,1176.49
ACER,WINDOWS,4,9,SSD,10922,3,15.6,141,1,NO,827.49
DELL,WINDOWS,4,9,SSD,10837,3,14,216,3,NO,2009.49
DELL,WINDOWS,4,9,SSD,10837,3,13.3,166,1,NO,1217.49
LENOVO,WINDOWS,4,9,SSD,9571,3,13.3,227,1,NO,999.99
DELL,WINDOWS,4,9,SSD,12906,3,14,176,3,NO,1961.49
ACER,WINDOWS,4,9,SSD,10505,3,14,162,1,NO,1121.99
DYNABOOK,WINDOWS,4,9,SSD,17210,3,14,157,1,NO,1013.49
DYNABOOK,WINDOWS,4,9,SSD,17210,3,14,157,1,NO,1138.49
LENOVO,WINDOWS,4,9,SSD,13087,3,14,157,1,NO,943.49
LENOVO,WINDOWS,4,9,SSD,17210,3,13,196,3,NO,2000.99
LENOVO,WINDOWS,4,9,SSD,17210,3,14,162,3,NO,1701.99
LENOVO,WINDOWS,4,9,SSD,10076,3,14,157,3,NO,1522.99
LENOVO,WINDOWS,4,9,SSD,13087,3,14,157,1,NO,1030.99
LENOVO,WINDOWS,4,9,SSD,10505,3,13.3,170,3,NO,1645.49
LENOVO,WINDOWS,4,9,SSD,10505,3,14,323,3,NO,2209.49
LENOVO,WINDOWS,4,9,SSD,10505,3,13.3,166,1,NO,1232.99
DYNABOOK,WINDOWS,4,9,SSD,10505,3,15.6,141,1,NO,792.99
DYNABOOK,WINDOWS,3,9,SSD,10076,3,15.6,141,1,NO,499.99
DYNABOOK,WINDOWS,4,9,SSD,17210,3,13.3,166,1,NO,1229.99
LENOVO,WINDOWS,4,9,SSD,13087,3,14,157,1,NO,1030.99
LENOVO,WINDOWS,4,9,SSD,13087,3,15.6,141,1,NO,943.49
LENOVO,WINDOWS,4,9,SSD,17210,3,14,243,3,NO,1816.49
LENOVO,WINDOWS,4,9,SSD,10505,3,14,323,3,NO,2207.99
LENOVO,WINDOWS,4,9,SSD,10076,3,14,176,3,NO,1745.49
LENOVO,WINDOWS,4,9,SSD,10505,3,14,323,3,NO,2057.49
LENOVO,WINDOWS,3,9,SSD,13181,3,15.6,141,1,NO,409.99
LENOVO,WINDOWS,3,9,SSD,15941,3,14,157,1,NO,497.99
LENOVO,WINDOWS,4,9,SSD,15941,3,15.6,141,1,NO,799.49
LENOVO,WINDOWS,4,9,SSD,13181,3,14,157,1,NO,634.99
LENOVO,WINDOWS,4,9,SSD,13613,3,14,157,1,NO,814.99
LENOVO,WINDOWS,4,9,SSD,17432,3,14,157,3,NO,1193.49
LENOVO,WINDOWS,4,9,SSD,15941,3,15.6,141,1,NO,918.49
LENOVO,WINDOWS,3,9,SSD,15941,3,15.6,141,1,NO,749.99
LENOVO,WINDOWS,4,9,SSD,15423,3,14,157,3,NO,1289.99
LENOVO,WINDOWS,4,9,SSD,18356,3,14,157,1,NO,944.49
DYNABOOK,WINDOWS,4,9,SSD,18842,3,15.6,141,1,NO,699.99
DYNABOOK,WINDOWS,3,9,SSD,13181,3,15.6,141,1,NO,501.49
LENOVO,WINDOWS,4,9,SSD,15232,3,14,157,3,NO,1315.49
LENOVO,WINDOWS,4,9,SSD,15232,3,13.3,170,3,NO,1337.49
LENOVO,WINDOWS,3,9,SSD,13181,3,15.6,141,1,NO,553.49
LENOVO,WINDOWS,4,9,SSD,12839,3,14,157,3,NO,1005.99
LENOVO,WINDOWS,4,9,SSD,16599,3,13.3,170,1,NO,1253.49
LENOVO,WINDOWS,4,9,SSD,16599,3,13.3,170,1,NO,1115.49
LENOVO,WINDOWS,4,9,SSD,15941,3,14,157,1,NO,982.99
LENOVO,WINDOWS,3,9,SSD,15232,3,14,157,1,NO,968.49
LENOVO,WINDOWS,3,9,SSD,15232,3,15.6,141,1,NO,968.49
ASUS,WINDOWS,3,9,SSD,13613,3,14,157,1,NO,637.49
LENOVO,WINDOWS,4,9,SSD,13613,3,15.6,141,1,NO,983.99
LENOVO,WINDOWS,4,9,SSD,18356,3,15.6,141,1,NO,1005.99
LENOVO,WINDOWS,4,9,SSD,15941,3,14,157,1,NO,842.49
HP,WINDOWS,3,9,SSD,10076,3,14,157,1,NO,966.99
HP,WINDOWS,3,9,SSD,7607,3,15.6,141,1,NO,443.99
LENOVO,WINDOWS,4,9,SSD,13087,3,15.6,141,1,NO,1152.99
LENOVO,WINDOWS,3,9,SSD,3421,3,13.3,192,3,NO,1266.49
LENOVO,WINDOWS,4,9,SSD,13087,3,14,157,1,NO,1152.99
ASUS,WINDOWS,3,9,SSD,7607,3,14,157,0,NO,484.49
LENOVO,WINDOWS,3,9,SSD,3421,3,13.3,192,3,NO,3102.99
LENOVO,WINDOWS,3,9,SSD,7607,3,15.6,141,1,NO,519.49
ASUS,WINDOWS,2,6,EMMC,1572,4,11.6,127,1,NO,149.99
ASUS,WINDOWS,2,6,EMMC,1572,4,14,105,3,NO,175.99
LENOVO,WINDOWS,2,6,EMMC,1572,4,10.3,220,1,NO,329.99
ACER,WINDOWS,2,6,EMMC,2517,4,11.6,127,1,NO,240.49
ACER,WINDOWS,2,6,EMMC,2517,4,11.6,127,1,NO,241.99
LENOVO,WINDOWS,2,6,EMMC,1572,4,10.3,220,1,NO,395.99
ASUS,CHROMEOS,3,6,EMMC,2951,4,14,157,0,NO,536.49
LENOVO,CHROMEOS,2,6,EMMC,2310,3,13.3,166,1,NO,578.49
LENOVO,CHROMEOS,3,6,EMMC,2105,3,14,157,1,NO,358.99
LENOVO,CHROMEOS,3,6,EMMC,3304,4,11.6,127,1,NO,374.99
ASUS,WINDOWS,2,6,EMMC,1964,4,11.6,127,0,NO,223.99
LENOVO,CHROMEOS,2,6,EMMC,1964,4,11.6,127,1,NO,227.49
LENOVO,CHROMEOS,2,6,EMMC,1572,4,11.6,127,1,NO,289.99
LENOVO,WINDOWS,2,6,EMMC,1572,4,14,105,1,NO,229.97
GEO,WINDOWS,2,6,EMMC,1572,4,11.6,127,1,NO,199.99
GEO,WINDOWS,2,6,EMMC,1572,4,11.6,127,1,NO,179.99
GEO,WINDOWS,2,6,EMMC,1572,4,14,105,1,NO,239.99
GEO,WINDOWS,2,6,EMMC,1572,4,14,105,1,NO,239.99
GEO,WINDOWS,2,6,EMMC,1572,4,11.6,127,1,NO,189.99
ASUS,WINDOWS,2,6,EMMC,1572,4,11.6,127,1,NO,229.99
GEO,WINDOWS,2,6,EMMC,1572,4,11.6,127,1,NO,199.99
LENOVO,WINDOWS,2,6,EMMC,2517,4,11.6,127,1,NO,352.99
OTHER,CHROMEOS,2,6,EMMC,1410,4,15.6,141,0,NO,382.99
GEO,WINDOWS,2,6,EMMC,1572,4,14,105,1,NO,229.99
GEO,WINDOWS,2,6,EMMC,1572,4,14,105,1,NO,229.99
LENOVO,WINDOWS,2,6,EMMC,2695,4,14,105,1,NO,269.99
ASUS,WINDOWS,2,6,EMMC,1964,4,11.6,127,0,NO,288.99
HP,WINDOWS,2,6,EMMC,2474,3,14,105,1,NO,239.99
ASUS,WINDOWS,2,6,EMMC,1572,4,14,157,1,NO,159.99
ASUS,WINDOWS,2,6,EMMC,1572,4,15.6,94,1,NO,179.99
ACER,WINDOWS,2,6,EMMC,1572,4,14,105,1,NO,239.99
OTHER,WINDOWS,2,6,EMMC,1410,4,14,157,1,NO,229.99
ASUS,WINDOWS,2,6,EMMC,1572,4,14,105,1,NO,179.59
ACER,WINDOWS,2,6,EMMC,1964,4,14,157,1,NO,199.99
LENOVO,WINDOWS,3,8,SSD,10076,3,15.6,141,0,NO,537.49
DELL,WINDOWS,3,8,SSD,9908,3,13.3,166,1,NO,559.49
HP,WINDOWS,3,8,SSD,14723,3,13.3,166,1,NO,810.49
ASUS,WINDOWS,3,8,SSD,3980,3,15.6,141,1,NO,469.96
ACER,WINDOWS,3,8,SSD,6242,3,14,157,0,NO,515.49
DELL,WINDOWS,3,8,SSD,10248,3,13.3,166,1,NO,910.49
DELL,WINDOWS,4,8,SSD,12906,3,15.6,141,1,NO,1444.99
ASUS,WINDOWS,3,8,SSD,10076,3,14,157,0,NO,577.99
ASUS,WINDOWS,4,9,SSD,10922,3,14,216,0,NO,1387.49
DYNABOOK,WINDOWS,4,8,SSD,17783,3,15.6,141,1,NO,894.99
DYNABOOK,WINDOWS,4,9,SSD,17210,3,14,157,1,NO,1006.49
DELL,WINDOWS,3,8,SSD,10922,3,13.3,166,1,NO,1092.99
DELL,WINDOWS,3,8,SSD,17783,3,16,154,1,NO,835.99
HP,WINDOWS,4,9,SSD,13087,3,15.6,141,1,NO,1105.99
ACER,WINDOWS,3,8,SSD,6242,3,15.6,141,1,NO,568.49
ACER,WINDOWS,3,8,SSD,6242,3,14,157,1,NO,578.99
DELL,WINDOWS,4,8,SSD,13008,3,13.3,166,3,NO,1496.99
DYNABOOK,WINDOWS,3,8,SSD,17783,3,14,157,1,NO,913.99
ASUS,WINDOWS,3,9,SSD,10076,3,15.6,141,0,NO,596.49
DELL,WINDOWS,4,8,SSD,13008,3,13.3,166,1,NO,1278.99
DELL,WINDOWS,3,8,SSD,10076,3,14,157,1,NO,784.99
HP,WINDOWS,3,8,SSD,13897,3,15.6,141,1,NO,779.49
DELL,WINDOWS,4,9,SSD,12906,3,13.3,166,0,NO,1741.99
DELL,WINDOWS,3,8,SSD,13897,3,15.6,141,1,NO,1069.99
DELL,WINDOWS,4,8,SSD,13008,3,14,157,1,NO,1278.99
DELL,WINDOWS,4,9,SSD,12906,3,13.3,166,1,NO,1527.99
HP,WINDOWS,3,8,SSD,13897,3,14,157,1,NO,771.49
DELL,WINDOWS,4,9,SSD,12906,3,14,157,1.25,NO,1512.99
HP,WINDOWS,3,8,SSD,14723,3,14,157,1,NO,710.99
ASUS,WINDOWS,3,8,SSD,3968,3,14,157,0,NO,387.49
DELL,WINDOWS,3,8,SSD,6242,3,15.6,141,1,NO,640.49
DELL,WINDOWS,3,8,SSD,6242,3,14,157,1,NO,640.49
DELL,WINDOWS,3,8,SSD,13897,3,14,157,1.25,NO,1099.99
DELL,WINDOWS,3,8,SSD,10076,3,15.6,141,1,NO,778.99
DELL,WINDOWS,4,8,SSD,10505,3,15.6,141,1,NO,1018.49
DELL,WINDOWS,4,8,SSD,10505,3,14,157,1,NO,1006.49
LENOVO,WINDOWS,4,8,SSD,16599,3,13.3,170,1,NO,1216.49
LENOVO,WINDOWS,4,9,SSD,17432,3,14,157,3,NO,1255.49
LENOVO,WINDOWS,3,8,SSD,10004,3,15.6,141,1,NO,443.99
ASUS,WINDOWS,3,8,SSD,10076,3,15.6,141,0,NO,577.99
FUJITSU,WINDOWS,5,9.965784285,SSD,13087,3,15.6,141,0,NO,1393.49
FUJITSU,WINDOWS,4,8,SSD,13897,3,14,157,0,NO,1143.49
HP,WINDOWS,4,9,SSD,13087,3,13.5,171,1,NO,1771.49
HP,WINDOWS,4,9,SSD,13897,3,14,157,1,NO,966.49
ASUS,WINDOWS,4,8,SSD,10505,3,14,157,1,NO,1606.49
ASUS,WINDOWS,3,8,SSD,10076,3,14,157,0,NO,463.49
FUJITSU,WINDOWS,4,9,SSD,13087,3,15.6,141,0,NO,1261.99
FUJITSU,WINDOWS,4,9,SSD,13087,3,13.3,166,0,NO,1262.99
FUJITSU,WINDOWS,4,8,SSD,13897,3,13.3,166,0,NO,1114.99
HP,WINDOWS,4,9,SSD,13087,3,14,162,1,NO,1632.49
ASUS,WINDOWS,4,9,SSD,10922,3,14,162,0,NO,1478.99
ASUS,WINDOWS,3,9,SSD,10076,3,15.6,141,0,NO,463.49
FUJITSU,WINDOWS,4,9,SSD,13087,3,14,157,0,NO,1261.99
FUJITSU,WINDOWS,5,9.965784285,SSD,13087,3,14,157,0,NO,1391.99
LENOVO,WINDOWS,3,8,SSD,10004,3,15.6,141,0,NO,506.49
HP,WINDOWS,4,9,SSD,13087,3,14,157,1,NO,1097.49
LENOVO,WINDOWS,4,8,SSD,13897,3,13.3,170,3,NO,1379.99
ASUS,WINDOWS,3,8,SSD,10076,3,13.3,166,1,NO,818.49
ASUS,WINDOWS,4,9,SSD,10505,3,13.3,166,0,NO,1057.49
ASUS,WINDOWS,3,8,SSD,6242,3,15.6,141,0,NO,455.99
